Values[Cgh_MIR155[merge]].InitialValue,[arnPLAUR]
1,1.84196
2,1.71225
3,1.60528
4,1.51475
5,1.43664
