Values[Cgh_MIR200C[merge]].InitialValue,[arnPLAUR]
1,1.60528
2,1.52068
3,1.46512
4,1.42583
5,1.39657
