Values[Cgh_MIR16_2[merge]].InitialValue,[arnPLAUR]
1,1.67438
2,1.60528
3,1.54135
4,1.48205
5,1.42691
