Values[Cgh_MIR16_2[merge]].InitialValue,[arnPLAUR]
1,1.62473
2,1.53109
3,1.44765
4,1.37283
5,1.30537
