Values[Cgh_MIR155[merge]].InitialValue,[arnPLAUR]
1,1.93866
2,1.71203
3,1.53109
4,1.38341
5,1.26067
