Values[Cgh_MIR222[merge]].InitialValue,[arnPLAUR]
1,1.53109
2,1.53109
3,1.53109
4,1.53109
5,1.53109
