Values[Cgh_MIR204[merge]].InitialValue,[arnPLAUR]
1,1.53109
2,1.53109
3,1.53108
4,1.53108
5,1.53107
