Values[Cgh_MIR200C[merge]].InitialValue,[arnPLAUR]
1,0.0131895
2,0.0121818
3,0.0114294
4,0.0108402
5,0.0103625
