Values[Cgh_tfFOXP2[merge]].InitialValue,[arnPLAUR]
1,0.013183
2,0.0131895
3,0.0131961
4,0.0132027
5,0.0132092
