Values[Cgh_tfETV4[merge]].InitialValue,[arnPLAUR]
1,0.0111278
2,0.0131895
3,0.0152513
4,0.0173131
5,0.0193749
