Values[Cgh_MIR222[merge]].InitialValue,[arnPLAUR]
1,0.013189
2,0.0131885
3,0.0131881
4,0.0131876
5,0.0131873
