Values[Cgh_MIR155[merge]].InitialValue,[arnPLAUR]
1,0.0131896
2,0.0131896
3,0.0131895
4,0.0131895
5,0.0131895
