Values[Cgh_tfTP53[merge]].InitialValue,[arnPLAUR]
1,0.0131895
2,0.0131895
3,0.0131895
4,0.0131895
5,0.0131895
