Values[Cgh_MIR204[merge]].InitialValue,[arnPLAUR]
1,0.0242274
2,0.0131895
3,0.00867662
4,0.00630225
5,0.00486888
