Values[Cgh_MIR16_2[merge]].InitialValue,[arnPLAUR]
1,0.0131896
2,0.0131895
3,0.0131895
4,0.0131894
5,0.0131894
