Values[Cgh_ETS1[merge]].InitialValue,[arnPLAUR]
1,0.0131895
2,0.0131895
3,0.0131894
4,0.0131893
5,0.0131893
