Values[Cgh_tfSP3[merge]].InitialValue,[arnPLAUR]
1,0.0106059
2,0.0131895
3,0.0167067
4,0.0217748
5,0.0297096
