Values[Cgh_tfTFAP2C[merge]].InitialValue,[arnPLAUR]
1,0.0131892
2,0.0131895
3,0.0131899
4,0.0131902
5,0.0131905
