Values[Cgh_tfTCF7L2[merge]].InitialValue,[arnPLAUR]
1,0.0131895
2,0.0131895
3,0.0131896
4,0.0131897
5,0.0131898
