Values[Cgh_tfJUNB[merge]].InitialValue,[arnPLAUR]
1,0.0131894
2,0.0131895
3,0.0131897
4,0.0131899
5,0.0131901
