Values[Cgh_tfE2F1[merge]].InitialValue,[arnPLAUR]
1,0.0110284
2,0.0131895
3,0.0158726
4,0.0192924
5,0.0238009
