Values[Cgh_MIR200B[merge]].InitialValue,[arnPLAUR]
1,0.0131895
2,0.010396
3,0.00911914
4,0.0083505
5,0.00782624
