Values[Cgh_tfFOSL1[merge]].InitialValue,[arnPLAUR]
1,0.0131895
2,0.0151254
3,0.017469
4,0.0203645
5,0.0240326
