Values[Cgh_tfSP1[merge]].InitialValue,[arnPLAUR]
1,0.00825807
2,0.0131895
3,0.023964
4,0.0660507
5,84.9097
