Values[Cgh_tfJUN[merge]].InitialValue,[arnPLAUR]
1,0.0114023
2,0.0131895
3,0.0153343
4,0.0179558
5,0.0212328
