Values[Cgh_tfE2F2[merge]].InitialValue,[arnPLAUR]
1,0.0131895
2,0.0131896
3,0.0131896
4,0.0131896
5,0.0131896
