Values[Cgh_tfNFKB1[merge]].InitialValue,[arnPLAUR]
1,0.0106902
2,0.0131895
3,0.0165577
4,0.021343
5,0.0286782
