Values[Cgh_tfFOS[merge]].InitialValue,[arnPLAUR]
1,0.0131895
2,0.0131896
3,0.0131896
4,0.0131897
5,0.0131897
