Values[Cgh_tfATF1[merge]].InitialValue,[arnPLAUR]
1,0.0131893
2,0.0131895
3,0.0131898
4,0.01319
5,0.0131902
