Values[Cgh_MIR145[merge]].InitialValue,[arnPLAUR]
1,0.0415026
2,0.0131895
3,0.00955235
4,0.00808533
5,0.00728431
