Values[Cgh_tfAP2B1[merge]].InitialValue,[arnPLAUR]
1,0.0131565
2,0.0131895
3,0.0132226
4,0.0132557
5,0.0132888
