Values[Cgh_MIR222[merge]].InitialValue,[arnPLAUR]
1,0.272612
2,0.263989
3,0.256731
4,0.250487
5,0.245028
