Values[Cgh_tfE2F2[merge]].InitialValue,[arnPLAUR]
1,0.283168
2,0.28317
3,0.283172
4,0.283173
5,0.283175
