Values[Cgh_MIR200C[merge]].InitialValue,[arnPLAUR]
1,0.283168
2,0.250206
3,0.228753
4,0.213679
5,0.202511
