Values[Cgh_MIR200B[merge]].InitialValue,[arnPLAUR]
1,0.283168
2,0.212175
3,0.185651
4,0.171806
5,0.163312
