Values[Cgh_tfSP1[merge]].InitialValue,[arnPLAUR]
1,0.283167
2,0.283168
3,0.283169
4,0.283169
5,0.28317
