Values[Cgh_MIR204[merge]].InitialValue,[arnPLAUR]
1,0.305013
2,0.283168
3,0.264888
4,0.249174
5,0.235426
