Values[Cgh_tfTP53[merge]].InitialValue,[arnPLAUR]
1,0.283147
2,0.283168
3,0.283191
4,0.283216
5,0.283243
