Values[Cgh_tfFOXP2[merge]].InitialValue,[arnPLAUR]
1,0.283051
2,0.283168
3,0.283285
4,0.283402
5,0.283519
