Values[Cgh_tfAP2B1[merge]].InitialValue,[arnPLAUR]
1,0.283165
2,0.283168
3,0.283171
4,0.283174
5,0.283177
