Values[Cgh_tfTCF7L2[merge]].InitialValue,[arnPLAUR]
1,0.274824
2,0.283168
3,0.291512
4,0.299856
5,0.308199
