Values[Cgh_tfFOSL1[merge]].InitialValue,[arnPLAUR]
1,0.283168
2,0.352709
3,0.422215
4,0.491686
5,0.561122
