Values[Cgh_MIR16_2[merge]].InitialValue,[arnPLAUR]
1,1.0589
2,0.283168
3,0.152174
4,0.102134
5,0.0763244
