Values[Cgh_tfTFAP2C[merge]].InitialValue,[arnPLAUR]
1,0.283168
2,0.283168
3,0.283168
4,0.283169
5,0.283169
