Values[Cgh_ETS1[merge]].InitialValue,[arnPLAUR]
1,0.283168
2,0.675734
3,1.73753
4,2.05131
5,2.13011
