Values[Cgh_MIR200C[merge]].InitialValue,[arnPLAUR]
1,8.22358
2,2.04281
3,1.20673
4,0.901687
5,0.746699
