Values[Cgh_MIR16_2[merge]].InitialValue,[arnPLAUR]
1,1.35314
2,1.20673
3,1.08721
4,0.987878
5,0.904097
