Values[Cgh_MIR222[merge]].InitialValue,[arnPLAUR]
1,1.18884
2,1.17198
3,1.15604
4,1.14095
5,1.12663
