Values[Cgh_MIR204[merge]].InitialValue,[arnPLAUR]
1,2.02262
2,1.99892
3,1.97574
4,1.95306
5,1.93086
