Values[Cgh_MIR200C[merge]].InitialValue,[arnPLAUR]
1,1.99892
2,1.99892
3,1.99892
4,1.99892
5,1.99892
