Values[Cgh_MIR155[merge]].InitialValue,[arnPLAUR]
1,3.77609
2,1.99892
3,1.38069
4,1.06445
5,0.87142
