Values[Cgh_MIR145[merge]].InitialValue,[arnPLAUR]
1,2.00134
2,1.99892
3,1.99657
4,1.99429
5,1.99207
