Values[Cgh_MIR204[merge]].InitialValue,[arnPLAUR]
1,1.25244
2,1.20673
3,1.16396
4,1.12387
5,1.08621
