Values[Cgh_MIR155[merge]].InitialValue,[arnPLAUR]
1,1.20674
2,1.20673
3,1.20673
4,1.20672
5,1.20671
