{
  "7-0": {
    "x": [1, 2, 3, 4, 5],
    "y": ["Cgh_ETS1", "Cgh_MIR145", "Cgh_MIR155", "Cgh_MIR16_2", "Cgh_MIR200B", "Cgh_MIR200C", "Cgh_MIR204", "Cgh_MIR222", "Cgh_tfAP2B1", "Cgh_tfATF1", "Cgh_tfE2F1", "Cgh_tfE2F2", "Cgh_tfE2F3", "Cgh_tfETV4", "Cgh_tfFOS", "Cgh_tfFOSL1", "Cgh_tfFOSL2", "Cgh_tfFOXP2", "Cgh_tfGATA2", "Cgh_tfJUN", "Cgh_tfJUNB", "Cgh_tfJUND", "Cgh_tfNFKB1", "Cgh_tfSMAD4", "Cgh_tfSP1", "Cgh_tfSP3", "Cgh_tfTCF7L2", "Cgh_tfTFAP2A", "Cgh_tfTFAP2C", "Cgh_tfTP53"],
    "z": [
      [0.962196, 1.20673, 1.49358, 1.83375, 2.24181],
      [1.20673, 1.20673, 1.20673, 1.20673, 1.20673],
      [1.20674, 1.20673, 1.20673, 1.20672, 1.20671],
      [1.35314, 1.20673, 1.08721, 0.987878, 0.904097],
      [1.20673, 1.20673, 1.20673, 1.20673, 1.20673],
      [8.22358, 2.04281, 1.20673, 0.901687, 0.746699],
      [1.25244, 1.20673, 1.16396, 1.12387, 1.08621],
      [1.18884, 1.17198, 1.15604, 1.14095, 1.12663],
      [1.20673, 1.20673, 1.20673, 1.20673, 1.20673],
      [1.20673, 1.20673, 1.20673, 1.20673, 1.20673],
      [1.20673, 1.20673, 1.20673, 1.20673, 1.20673],
      [1.20672, 1.20673, 1.20674, 1.20676, 1.20677],
      [1.19499, 1.20673, 1.21858, 1.23054, 1.2426],
      [1.20673, 1.20673, 1.20673, 1.20673, 1.20673],
      [1.20673, 1.20673, 1.20673, 1.20673, 1.20673],
      [1.20673, 1.20673, 1.20673, 1.20673, 1.20673],
      [1.20673, 1.20673, 1.20673, 1.20673, 1.20673],
      [1.20672, 1.20673, 1.20673, 1.20674, 1.20674],
      [1.20673, 1.20673, 1.20673, 1.20673, 1.20673],
      [1.20673, 1.20673, 1.20673, 1.20673, 1.20673],
      [1.20673, 1.20673, 1.20673, 1.20673, 1.20673],
      [1.20673, 1.20673, 1.20673, 1.20673, 1.20673],
      [1.20673, 1.20673, 1.20673, 1.20673, 1.20673],
      [1.20673, 1.20673, 1.20673, 1.20673, 1.20673],
      [0.868493, 1.02831, 1.20673, 1.40713, 1.63373],
      [1.20673, 1.20673, 1.20673, 1.20673, 1.20673],
      [0.942466, 1.20673, 1.471, 1.73526, 1.99953],
      [1.20668, 1.20673, 1.20678, 1.20684, 1.20689],
      [1.20667, 1.20673, 1.20679, 1.20686, 1.20692],
      [1.20673, 1.20673, 1.20673, 1.20673, 1.20673]
    ]
  },
  "7-1": {
    "x": [1, 2, 3, 4, 5],
    "y": ["Cgh_ETS1", "Cgh_MIR145", "Cgh_MIR155", "Cgh_MIR16_2", "Cgh_MIR200B", "Cgh_MIR200C", "Cgh_MIR204", "Cgh_MIR222", "Cgh_tfAP2B1", "Cgh_tfATF1", "Cgh_tfE2F1", "Cgh_tfE2F2", "Cgh_tfE2F3", "Cgh_tfETV4", "Cgh_tfFOS", "Cgh_tfFOSL1", "Cgh_tfFOSL2", "Cgh_tfFOXP2", "Cgh_tfGATA2", "Cgh_tfJUN", "Cgh_tfJUNB", "Cgh_tfJUND", "Cgh_tfNFKB1", "Cgh_tfSMAD4", "Cgh_tfSP1", "Cgh_tfSP3", "Cgh_tfTCF7L2", "Cgh_tfTFAP2A", "Cgh_tfTFAP2C", "Cgh_tfTP53"],
    "z": [
      [1.60528, 1.60532, 1.60537, 1.60541, 1.60545],
      [1.60528, 1.60528, 1.60528, 1.60528, 1.60528],
      [1.84196, 1.71225, 1.60528, 1.51475, 1.43664],
      [1.67438, 1.60528, 1.54135, 1.48205, 1.42691],
      [1.60528, 1.56382, 1.53, 1.50188, 1.47815],
      [1.60528, 1.52068, 1.46512, 1.42583, 1.39657],
      [1.71516, 1.60528, 1.5076, 1.42034, 1.34204],
      [1.6049, 1.60488, 1.60487, 1.60487, 1.60487],
      [1.60528, 1.60528, 1.60528, 1.60528, 1.60528],
      [1.60528, 1.60528, 1.60528, 1.60528, 1.60528],
      [1.60528, 1.60528, 1.60528, 1.60528, 1.60528],
      [1.60528, 1.60534, 1.6054, 1.60546, 1.60551],
      [1.4032, 1.60528, 1.80357, 1.99827, 2.18958],
      [1.60528, 1.60528, 1.60528, 1.60528, 1.60528],
      [1.60528, 1.60528, 1.60528, 1.60528, 1.60528],
      [1.60528, 1.60528, 1.60528, 1.60528, 1.60529],
      [1.60528, 1.60528, 1.60528, 1.60528, 1.60528],
      [1.60525, 1.60528, 1.60531, 1.60534, 1.60537],
      [1.60528, 1.60528, 1.60528, 1.60528, 1.60528],
      [1.60528, 1.60528, 1.60528, 1.60528, 1.60529],
      [1.60528, 1.60528, 1.60528, 1.60528, 1.60528],
      [1.60528, 1.60528, 1.60528, 1.60528, 1.60528],
      [1.60528, 1.60528, 1.60528, 1.60528, 1.60528],
      [1.60528, 1.49814, 1.4142, 1.34561, 1.28793],
      [1.60524, 1.60528, 1.60533, 1.60537, 1.60542],
      [1.60528, 1.60528, 1.60528, 1.60528, 1.60528],
      [1.60518, 1.60528, 1.60538, 1.60548, 1.60558],
      [1.60522, 1.60528, 1.60534, 1.60541, 1.60547],
      [1.60524, 1.60528, 1.60532, 1.60536, 1.6054],
      [1.60528, 1.60528, 1.60528, 1.60528, 1.60528]
    ]
  }
}
