,CNV_MIR21,CNV_MIR20A,CNV_MIR17,CNV_STAT3,CNV_MIR19A,CNV_MYC,MIR21,MIR20A,MIR17,STAT3,MIR19A,MYC,T0_MIR21,T0_MIR20A,T0_MIR17,T0_STAT3,T0_MIR19A,T0_MYC
2313287,2,2,2,2,2,5,12.776223,13.191366,9.769904,5.61117238004401,10.016683,6.77360079528254,12.776223,13.191366,9.769904,5.61117238004401,10.016683,6.77360079528254
