Values[Cgh_MIR200B[merge]].InitialValue,[arnPLAUR]
1,6.54957
2,6.54957
3,6.54957
4,6.54957
5,6.54956
