Values[Cgh_MIR16_2[merge]].InitialValue,[arnPLAUR]
1,6.54957
2,6.54955
3,6.54953
4,6.54951
5,6.54949
