Values[Cgh_MIR204[merge]].InitialValue,[arnPLAUR]
1,6.54957
2,5.00787
3,4.03602
4,3.37157
5,2.89049
