Values[Cgh_MIR222[merge]].InitialValue,[arnPLAUR]
1,6.54957
2,5.85175
3,5.51224
4,5.30558
5,5.16456
