Values[Cgh_MIR155[merge]].InitialValue,[arnPLAUR]
1,6.54957
2,4.37293
3,3.29332
4,2.64648
5,2.21473
